"ID";"en";"fr";"de";"es";"pl";"ru";"ko";"ja";"zh";"zh_tw";"tr";"hi";"ind"
"Battering_Ram.name";"Battering Ram";"Bélier";"Rammbock";"Ariete";"Taran";"Таран";"공성추";"破城槌";"攻城锤";"攻城槌";"Koçbaşı";"बैटरिंग रैम";"Pelantak Tubruk"
"Heavy_Siege_Ram.name";"Heavy Siege Ram";"Bélier";"Schwere Belagerungsramme";"Ariete";"Taran";"Таран";"공성추";"破城槌";"攻城锤";"攻城槌";"Koçbaşı";"बैटरिंग रैम";"Pelantak Tubruk"
"Battering_Ram.description";"War machine created to take down castle gates.";"Machine de guerre créée pour démolir les portes des châteaux.";"Eine Kriegsmaschine, um Burgtore zu durchbrechen.";"Máquina de guerra creada para derribar las puertas de los castillos.";"Machina oblężnicza do przebijania zamkowych wrót.";"Боевая машина для уничтожения ворот замков.";"성문을 파괴할 목적으로 만들어진 전쟁 병기입니다.";"城門を破壊するために作られた兵器";"为拆除城堡大门而制造的战争机械。";"製造來摧毀城堡大門的戰爭機器。";"Kale kapılarını yıkmak için tasarlanmış savaş makinesi.";"युद्ध की मशीन जिसे किले के गेट्स को उड़ा देने के लिए बनाया गया है.";"Mesin tempur yang diciptakan untuk menghancurkan gerbang kastel."
"Heavy_Siege_Ram.description";"Heavy War machine created to take down castle gates.";"Machine de guerre créée pour démolir les portes des châteaux.";"Eine Kriegsmaschine, um Burgtore zu durchbrechen.";"Máquina de guerra creada para derribar las puertas de los castillos.";"Machina oblężnicza do przebijania zamkowych wrót.";"Боевая машина для уничтожения ворот замков.";"성문을 파괴할 목적으로 만들어진 전쟁 병기입니다.";"城門を破壊するために作られた兵器";"为拆除城堡大门而制造的战争机械。";"製造來摧毀城堡大門的戰爭機器。";"Kale kapılarını yıkmak için tasarlanmış savaş makinesi.";"युद्ध की मशीन जिसे किले के गेट्स को उड़ा देने के लिए बनाया गया है.";"Mesin tempur yang diciptakan untuk menghancurkan gerbang kastel."
"Heavy_Trebuchet.name";"Trebuchet";"Trébuchet";"Trebuchet";"Trabuquete";"Trebusz";"Требушет";"트레뷰셋";"トレビュシェット";"投石机";"投石機";"Trebüşe";"ट्रेबुशे";"Trebuchet"
"Heavy_Trebuchet.description";"War machine created to take down castle walls and destroy all structures or men it hits with its projectiles.";"Machine de guerre créée pour démolir les murs des châteaux et détruire toutes les structures ou les hommes qu'elle touche de ses projectiles.";"Eine Kriegsmaschine, die mit ihren Geschossen Burgmauern einreißt und Bauten wie Soldaten hinwegfegt.";"Máquina de guerra creada para derribar las murallas de los castillos y destruir todas las estructuras u hombres a los que alcancen sus proyectiles.";"Machina oblężnicza do burzenia zamkowych murów, wystrzeliwująca pociski we wrogie armie i budynki.";"Боевая машина для разрушения городских стен и уничтожения построек и живой силы неприятеля.";"투사체를 이용해 성벽을 무너뜨리고 구조물과 사람 모두 파괴할 목적으로 만들어진 전쟁 병기입니다.";"城壁を破壊するために作られた兵器で、飛ばした弾丸ですべての建造物や人間を破壊します";"一种战争机械，能够用来拆除城堡的城墙，并用其投弹来摧毁击中的所有建筑物或人员。";"製造來摧毀城牆、以其投射物毀掉建築和敵軍。";"Kale duvarlarını yıkmak ve mermileriyle vurduğu tüm yapıları veya adamları yok etmek için tasarlanmış savaş makinesi.";"युद्ध की मशीन जिसे किले की दीवारों को उड़ा देने और उन सभी ढांचों या आदमियों का नामोनिशान मिटा देने के लिए बनाया गया है जिन पर यह अपने प्रोजेक्टाइल्स से वार करती है.";"Mesin tempur yang diciptakan untuk menghancurkan tembok kastel dan seluruh struktur atau prajurit yang terkena proyektilnya."
"HelpTheWeakAction.tooltip";"Have {owner} travel across {owner.kingdom:s} lands and increase its kingdom stability by helping the poor and needy.";"Ordonnez {owner:à} de voyager sur les terres {owner.kingdom:s} et d'accroître leur stabilité en aidant les pauvres et les nécessiteux.";"Lasst {owner} quer durch {owner.kingdom:akk} reisen und durch Hilfe für die Armen und Bedürftigen die Stabilität erhöhen.";"Hacer que {owner} viaje por las tierras de {owner.kingdom} y aumente su estabilidad ayudando a los pobres y a los necesitados.";"Rozkaż {owner:C} udać się w podróż po ziemiach {owner.kingdom:D} i poprawić tamtejszy ład poprzez pomoc ubogim i potrzebującym.";"Приказать {owner:base_sub_dat} отправиться в поездку по землям {owner.kingdom:base_sub_gen}, дабы упрочить стабильность, помогая страждущим и неимущим.";"{owner}에게 {owner.kingdom:s} 영지를 돌아다니며 가난한 사람들과 어려운 사람들을 도와 안정도를 높이도록 명령합니다.";"{owner}が{owner.kingdom:s}を旅し、貧しい人々や困っている人々を助けて安定化を図ります";"令{owner}前往{owner.kingdom:s}领土扶贫济困，帮助稳定秩序。";"讓{owner}橫跨{owner.kingdom:s}土地，幫助貧窮與弱勢人群以增加其穩定度。";"{owner}, {owner.kingdom:s} topraklarında seyahat edip fakirlere ve ihtiyaç sahiplerine yardım ederek genel istikrarı artırsın.";"{owner} से कहें कि पूरे {owner.kingdom} की ज़मीन पर घूमें और इसकी स्थिरता बढ़ाने के लिए गरीबों और ज़रूरतमंदों की मदद करें.";"Perintahkan {owner} untuk pergi ke seluruh wilayah {owner.kingdom:s} dan meningkatkan stabilitas di sana dengan membantu orang-orang yang miskin dan membutuhkan."
"RealmStats.rs_governor_books.name";"{books_icon} in governed Province";"{books_icon} dans la ville";"{books_icon} in der Stadt";"{books_icon} en la ciudad";"{books_icon} w stolicy";"{books_icon} в городе";"{books_icon} - 도심";"州都内の{books_icon}";"城镇的{books_icon}";"{books_icon}在城鎮中";"{books_icon}, Kent Merkezinde";"शहर में {books_icon}";"{books_icon} di Kota"
"RealmStats.rs_governor_books_per_castle.name";"{books_icon} in Castles in governed Province";"{books_icon} dans les châteaux";"{books_icon} in Burgen";"{books_icon} en castillos";"{books_icon} w zamkach";"{books_icon} в замках";"{books_icon} - 성";"城の{books_icon}";"城堡的{books_icon}";"城堡的{books_icon}";"{books_icon}, Kalelerde";"किले में {books_icon}";"{books_icon} di Kastel"
"RealmStats.rs_governor_books_per_village.name";"{books_icon} in Villages in governed Province";"{books_icon} dans les villages";"{books_icon} in Dörfern";"{books_icon} en pueblos";"{books_icon} w wioskach";"{books_icon} в деревнях";"{books_icon} - 마을";"村の{books_icon}";"村庄的{books_icon}";"村莊的{books_icon}";"{books_icon}, Köylerde";"गांवों में {books_icon}";"{books_icon} di Desa"
"RealmStats.rs_governor_books_per_religious_settlement.name";"{books_icon} in [{kingdom.religious_settlement_name}|Religious Settlements] in governed Province";"{books_icon} [{kingdom.religious_settlement_name:empl}|dans les propriétés religieuses]";"{books_icon} [{kingdom.religious_settlement_name:prepin}|in religiösen Siedlungen]";"{books_icon} en [{kingdom.religious_settlement_name}|asentamientos religiosos]";"{books_icon} w [{kingdom.religious_settlement_name:Msc}|osadach religijnych]";"{books_icon} в [{kingdom.religious_settlement_name:base_sub_pl_pre}|религиозных поселениях]";"{books_icon} - [{kingdom.religious_settlement_name}|종교 정착지]";"[{kingdom.religious_settlement_name}|宗教的集落]の{books_icon}";"[{kingdom.religious_settlement_name}|宗教定居点]的{books_icon}";"[{kingdom.religious_settlement_name}|宗教聚落]的{books_icon}";"{books_icon}, [{kingdom.religious_settlement_name}|Dini Yerleşimlerde]";"[{kingdom.religious_settlement_name}|धार्मिक बस्तियों] में{books_icon}";"{books_icon} di [{kingdom.religious_settlement_name}|Permukiman Religius]"
"RealmStats.rs_governor_piety_per_settlement.name";"[{kingdom.piety_icon}|piety] in all settlements in governed Province";"[{kingdom.piety_icon}|piété] dans les propriétés";"[{kingdom.piety_icon}|Frommheit] in Siedlungen";"[{kingdom.piety_icon}|religiosidad] en asentamientos";"[{kingdom.piety_icon}|pobożność] w osadach";"[{kingdom.piety_icon}|Вера] в поселениях";"[{kingdom.piety_icon}|신앙] - 정착지";"集落の[{kingdom.piety_icon}|信心]";"定居点的[{kingdom.piety_icon}|虔诚]";"聚落的[{kingdom.piety_icon}|虔誠]";"[{kingdom.piety_icon}|dindarlık], Yerleşimlerde";"बस्तियों में [{kingdom.piety_icon}|धार्मिकता]";"[{kingdom.piety_icon}|kesalehan] di Permukiman"
"RealmStats.rs_governor_books_per_settlement.name";"{books_icon} in all settlements in governed Province";"{books_icon} dans les propriétés";"{books_icon} in Siedlungen";"{books_icon} en asentamientos";"{books_icon} w osadach";"{books_icon} в поселениях";"{books_icon} - 정착지";"集落の{books_icon}";"定居点的{books_icon}";"聚落的{books_icon}";"{books_icon}, Yerleşimlerde";"बस्तियों में {books_icon}";"{books_icon} di Permukiman"
"RealmStats.rs_governor_piety.name";"[{kingdom.piety_icon}|piety] in governed Province";"[{kingdom.piety_icon}|piété] dans la ville";"[{kingdom.piety_icon}Frommheit] in der Stadt";"[{kingdom.piety_icon}|religiosidad] en la ciudad";"[{kingdom.piety_icon}|pobożność] w stolicy";"[{kingdom.piety_icon}|вера] в городе";"[{kingdom.piety_icon}|신앙] - 도심";"州都内の[{kingdom.piety_icon}|信心]";"城镇中的[{kingdom.piety_icon}|虔诚]";"城鎮的[{kingdom.piety_icon}|虔誠]";"[{kingdom.piety_icon}|Dindarlık], Kent Merkezinde";"शहर में [{kingdom.piety_icon}|पवित्रता]";"[{kingdom.piety_icon}|kesalehan] di Kota"
"RealmStats.rs_governor_piety_from_cleric.name";"[{kingdom.piety_icon}|piety] in governed Province";"[{kingdom.piety_icon}|piété] dans la ville";"[{kingdom.piety_icon}Frommheit] in der Stadt";"[{kingdom.piety_icon}|religiosidad] en la ciudad";"[{kingdom.piety_icon}|pobożność] w stolicy";"[{kingdom.piety_icon}|вера] в городе";"[{kingdom.piety_icon}|신앙] - 도심";"州都内の[{kingdom.piety_icon}|信心]";"城镇中的[{kingdom.piety_icon}|虔诚]";"城鎮的[{kingdom.piety_icon}|虔誠]";"[{kingdom.piety_icon}|Dindarlık], Kent Merkezinde";"शहर में [{kingdom.piety_icon}|पवित्रता]";"[{kingdom.piety_icon}|kesalehan] di Kota"
"RealmStats.rs_governor_piety_from_scholar.name";"[{kingdom.piety_icon}|piety] in governed Province";"[{kingdom.piety_icon}|piété] dans la ville";"[{kingdom.piety_icon}Frommheit] in der Stadt";"[{kingdom.piety_icon}|religiosidad] en la ciudad";"[{kingdom.piety_icon}|pobożność] w stolicy";"[{kingdom.piety_icon}|вера] в городе";"[{kingdom.piety_icon}|신앙] - 도심";"州都内の[{kingdom.piety_icon}|信心]";"城镇中的[{kingdom.piety_icon}|虔诚]";"城鎮的[{kingdom.piety_icon}|虔誠]";"[{kingdom.piety_icon}|Dindarlık], Kent Merkezinde";"शहर में [{kingdom.piety_icon}|पवित्रता]";"[{kingdom.piety_icon}|kesalehan] di Kota"
"RealmStats.rs_governor_piety_from_shaman.name";"[{kingdom.piety_icon}|piety] in governed Province";"[{kingdom.piety_icon}|piété] dans la ville";"[{kingdom.piety_icon}Frommheit] in der Stadt";"[{kingdom.piety_icon}|religiosidad] en la ciudad";"[{kingdom.piety_icon}|pobożność] w stolicy";"[{kingdom.piety_icon}|вера] в городе";"[{kingdom.piety_icon}|신앙] - 도심";"州都内の[{kingdom.piety_icon}|信心]";"城镇中的[{kingdom.piety_icon}|虔诚]";"城鎮的[{kingdom.piety_icon}|虔誠]";"[{kingdom.piety_icon}|Dindarlık], Kent Merkezinde";"शहर में [{kingdom.piety_icon}|पवित्रता]";"[{kingdom.piety_icon}|kesalehan] di Kota"
"RealmStats.rs_governor_piety_from_patriarch.name";"[{kingdom.piety_icon}|piety] in governed Province";"[{kingdom.piety_icon}|piété] dans la ville";"[{kingdom.piety_icon}Frommheit] in der Stadt";"[{kingdom.piety_icon}|religiosidad] en la ciudad";"[{kingdom.piety_icon}|pobożność] w stolicy";"[{kingdom.piety_icon}|вера] в городе";"[{kingdom.piety_icon}|신앙] - 도심";"州都内の[{kingdom.piety_icon}|信心]";"城镇中的[{kingdom.piety_icon}|虔诚]";"城鎮的[{kingdom.piety_icon}|虔誠]";"[{kingdom.piety_icon}|Dindarlık], Kent Merkezinde";"शहर में [{kingdom.piety_icon}|पवित्रता]";"[{kingdom.piety_icon}|kesalehan] di Kota"
"RealmStats.rs_governor_piety_per_monastery.name";"[{kingdom.piety_icon}|piety] in Monasteries in governed Province";"[{kingdom.piety_icon}|piété] dans les monastères";"[{kingdom.piety_icon}|Frommheit] in Klöstern";"[{kingdom.piety_icon}|religiosidad] en monasterios";"[{kingdom.piety_icon}|pobożność] w klasztorach";"[{kingdom.piety_icon}|Вера] в монастырях";"[{kingdom.piety_icon}|신앙] - 수도원";"修道院の[{kingdom.piety_icon}|信心]";"修道院的[{kingdom.piety_icon}|虔诚]";"修道院的[{kingdom.piety_icon}|虔誠]";"[{kingdom.piety_icon}|dindarlık], Manastırlarda";"मठों में [{kingdom.piety_icon}|धार्मिकता]";"[{kingdom.piety_icon}|kesalehan] di Biara"
"RealmStats.rs_governor_piety_per_shrine.name";"[{kingdom.piety_icon}|piety] in Shrines in governed Province";"[{kingdom.piety_icon}|piété] dans les sanctuaires";"[{kingdom.piety_icon}|Frommheit] in Schreinen";"[{kingdom.piety_icon}|religiosidad] en santuarios";"[{kingdom.piety_icon}|pobożność] w kaplicach";"[{kingdom.piety_icon}|Вера] в капищах";"[{kingdom.piety_icon}|신앙] - 성소";"神殿の[{kingdom.piety_icon}|信心]";"神殿的[{kingdom.piety_icon}|虔诚]";"神殿的[{kingdom.piety_icon}|虔誠]";"[{kingdom.piety_icon}|Dindarlık], Tapınaklarda";"मंदिरों में [{kingdom.piety_icon}|धार्मिकता]";"[{kingdom.piety_icon}|kesalehan] di Kuil"
"RealmStats.rs_governor_happiness_from_CL.name";"happiness in governed Province";"bonheur dans la ville";"Zufriedenheit in der Stadt";"felicidad en la ciudad";"zadowolenie w stolicy";"довольство в городе";"도심 만족도";"州都内の幸福度";"城镇中的幸福度";"城鎮滿意度";"mutluluk, Kent Merkezinde";"शहर में खुशी";"kebahagiaan di Kota"
"RealmStats.rs_governor_levy_per_settlement.name";"{levy_icon} in all Settlements in governed Province";"{levy_icon} dans toutes les propriétés";"{levy_icon} in allen Siedlungen";"{levy_icon} en todos los asentamientos";"{levy_icon} we wszystkich osadach";"{levy_icon} во всех поселениях";"{levy_icon} - 모든 정착지";"すべての集落の{levy_icon}";"所有定居点的{levy_icon}";"所有聚落的{levy_icon}";"{levy_icon}, Tüm Yerleşimlerde";"सभी बस्तियों में {levy_icon}";"{levy_icon} di semua Permukiman"
"RealmStats.rs_governor_levy_per_keep.name";"{levy_icon} in all Castles in governed Province";"{levy_icon} dans tous les châteaux";"{levy_icon} in allen Burgen";"{levy_icon} en todos los castillos";"{levy_icon} we wszystkich zamkach";"{levy_icon} во всех замках";"{levy_icon} - 모든 성";"すべての城の{levy_icon}";"所有城堡的{levy_icon}";"所有城堡的{levy_icon}";"{levy_icon}, Tüm Kalelerde";"सभी किलों में {levy_icon}";"{levy_icon} di semua Kastel"
"RealmStats.rs_governor_levy_per_village.name";"{levy_icon} in all Villages in governed Province";"{levy_icon} dans tous les villages";"{levy_icon} in allen Dörfern";"{levy_icon} en todos los pueblos";"{levy_icon} we wszystkich wioskach";"{levy_icon} во всех деревнях";"{levy_icon} - 모든 마을";"すべての村の{levy_icon}";"所有村庄的{levy_icon}";"所有村莊的{levy_icon}";"{levy_icon}, tüm Köylerde";"सभी गांवों में {levy_icon}";"{levy_icon} di semua Desa"
"RealmStats.rs_governor_levy_in_town.name";"{levy_icon} in governed Province";"{levy_icon} dans la ville";"{levy_icon} in der Stadt";"{levy_icon} en la ciudad";"{levy_icon} w stolicy";"{levy_icon} в городе";"{levy_icon} - 도심";"州都内の{levy_icon}";"城镇的{levy_icon}";"{levy_icon}在城鎮中";"{levy_icon}, Kent Merkezinde";"शहर में {levy_icon}";"{levy_icon} di Kota"
"RealmStats.rs_governor_gold_per_settlement.name";"{gold_icon} in all settlements in governed Province";"{gold_icon} dans les propriétés";"{gold_icon} in Siedlungen";"{gold_icon} en asentamientos";"{gold_icon} w osadach";"{gold_icon} в поселениях";"{gold_icon} - 정착지";"集落の{gold_icon}";"定居点的{gold_icon}";"聚落的{gold_icon}";"{gold_icon}, Yerleşimlerde";"बस्तियों में {gold_icon}";"{gold_icon} di Permukiman"
"RealmStats.rs_governor_king_gold_per_settlement.name";"{gold_icon} in all settlements in governed Province";"{gold_icon} dans les propriétés";"{gold_icon} in Siedlungen";"{gold_icon} en asentamientos";"{gold_icon} w osadach";"{gold_icon} в поселениях";"{gold_icon} - 정착지";"集落の{gold_icon}";"定居点的{gold_icon}";"聚落的{gold_icon}";"{gold_icon}, Yerleşimlerde";"बस्तियों में {gold_icon}";"{gold_icon} di Permukiman"
"RealmStats.rs_governor_commerce_flat.name";"{trade_icon} in governed Province";"{trade_icon} dans la ville";"{trade_icon} in der Stadt";"{trade_icon} en la ciudad";"{trade_icon} w stolicy";"{trade_icon} в городе";"{trade_icon} - 도심";"州都内の{trade_icon}";"城镇的{trade_icon}";"{trade_icon}在城鎮中";"{trade_icon}, Kent Merkezinde";"शहर में {trade_icon}";"{trade_icon} di Kota"
"RealmStats.rs_governor_commerce_per_village.name";"{trade_icon} in Villages in governed Province";"{trade_icon} dans les villages";"{trade_icon} in Dörfern";"{trade_icon} en pueblos";"{trade_icon} w wioskach";"{trade_icon} в деревнях";"{trade_icon} - 마을";"村の{trade_icon}";"村庄的{trade_icon}";"村莊的{trade_icon}";"{trade_icon}, Köylerde";"गांवों में {trade_icon}";"{trade_icon} di Desa"
"RealmStats.rs_governor_commerce_per_settlement.name";"{trade_icon} in all settlements in governed Province";"{trade_icon} dans les propriétés";"{trade_icon} in Siedlungen";"{trade_icon} en asentamientos";"{trade_icon} w osadach";"{trade_icon} в поселениях";"{trade_icon} - 정착지";"集落の{trade_icon}";"定居点的{trade_icon}";"聚落的{trade_icon}";"{trade_icon}, Yerleşimlerde";"बस्तियों में {trade_icon}";"{trade_icon} di Permukiman"
"RealmStats.rs_governor_commerce_per_coastal_settlement.name";"{trade_icon} in Coastal settlements in governed Province";"{trade_icon} dans les propriétés côtières";"{trade_icon} in Küstensiedlungen";"{trade_icon} en asentamientos costeros";"{trade_icon} w osadach nadmorskich";"{trade_icon} в прибрежных поселениях";"{trade_icon} - 해안 정착지";"沿岸集落の{trade_icon}";"沿海定居点的{trade_icon}";"沿海聚落的{trade_icon}";"{trade_icon}, Sahil yerleşimlerinde";"तटीय बस्तियों में {trade_icon}";"{trade_icon} di permukiman Pesisir"
"RealmStats.rs_governor_commerce_per_good.name";"{trade_icon} per Good produced in governed Province";"{trade_icon} par marchandise produite";"{trade_icon} pro produzierter Ware";"{trade_icon} por bienes producidos";"{trade_icon} za każdy rodzaj prod. środków";"{trade_icon} за производимый товар";"{trade_icon} - 생산 상품 하나당";"生産品1つあたりの{trade_icon}";"生产的每种商品的{trade_icon}";"每一商品產出的{trade_icon}";"{trade_icon}, üretilen Ürün başına";"{trade_icon} प्रति बनाए हुए प्रोडक्ट";"{trade_icon} per Barang diproduksi"
"RealmStats.rs_governor_king_commerce_per_settlement.name";"{trade_icon} in all settlements in governed Province";"{trade_icon} dans les propriétés";"{trade_icon} in Siedlungen";"{trade_icon} en asentamientos";"{trade_icon} w osadach";"{trade_icon} в поселениях";"{trade_icon} - 정착지";"集落の{trade_icon}";"定居点的{trade_icon}";"聚落的{trade_icon}";"{trade_icon}, Yerleşimlerde";"बस्तियों में {trade_icon}";"{trade_icon} di Permukiman"
"RealmStats.rs_governor_commerce_per_monastery.name";"{trade_icon} in [{kingdom.religious_settlement_name}|Religious Settlements] in governed Province";"{trade_icon} [{kingdom.religious_settlement_name:empl}|dans les propriétés religieuses]";"{trade_icon} [{kingdom.religious_settlement_name:prepin}|in religiösen Siedlungen]";"{trade_icon} en [{kingdom.religious_settlement_name}|asentamientos religiosos]";"{trade_icon} w [{kingdom.religious_settlement_name:Msc}|osadach religijnych]";"{trade_icon} в [{kingdom.religious_settlement_name:base_sub_pl_pre}|религиозных поселениях]";"{trade_icon} - [{kingdom.religious_settlement_name}|종교 정착지]";"[{kingdom.religious_settlement_name}|宗教的集落]の{trade_icon}";"[{kingdom.religious_settlement_name}|宗教定居点]的{trade_icon}";"[{kingdom.religious_settlement_name}|宗教聚落]的{trade_icon}";"{trade_icon}, [{kingdom.religious_settlement_name}|Dini Yerleşimlerde]";"[{kingdom.religious_settlement_name}|धार्मिक बस्तियों] में{trade_icon}";"{trade_icon} di [{kingdom.religious_settlement_name}|Permukiman Religius]"
"RealmStats.rs_governor_max_population.name";"{workers_icon} in governed Province";"{workers_icon} dans la ville";"{workers_icon} in der Stadt";"{workers_icon} en la ciudad";"{workers_icon} w stolicy";"{workers_icon} в городе";"{workers_icon} - 도심";"州都内の{workers_icon}";"城镇的{workers_icon}";"{workers_icon}在城鎮中";"{workers_icon}, Kent Merkezinde";"शहर में {workers_icon}";"{workers_icon} di Kota"
"RealmStats.rs_governor_workers_per_village.name";"{workers_icon} in all Villages in governed Province";"{workers_icon} dans tous les villages";"{workers_icon} in allen Dörfern";"{workers_icon} en todos los pueblos";"{workers_icon} we wszystkich wioskach";"{workers_icon} во всех деревнях";"{workers_icon} - 모든 마을";"すべての村の{workers_icon}";"所有村庄的{workers_icon}";"所有村莊的{workers_icon}";"{workers_icon}, Tüm Köylerde";"सभी गांवों में {workers_icon}";"{workers_icon} di semua Desa"
"RealmStats.rs_governor_food_per_settlement.name";"{food_icon} in all settlements in governed Province";"{food_icon} dans les propriétés";"{food_icon} in Siedlungen";"{food_icon} en asentamientos";"{food_icon} w osadach";"{food_icon} в поселениях";"{food_icon} - 정착지";"集落の{food_icon}";"定居点的{food_icon}";"聚落的{food_icon}";"{food_icon}, Yerleşimlerde";"बस्तियों में {food_icon}";"{food_icon} di Permukiman"
"RealmStats.rs_governor_food_per_farm.name";"{food_icon} in Crop farms in governed Province";"{food_icon} dans les fermes céréalières";"{food_icon} in Getreidehöfen";"{food_icon} en campos de cultivo";"{food_icon} w gospodarstwach rolnych";"{food_icon} от земледельческих ферм";"{food_icon} - 작물 농장";"穀物畑の{food_icon}";"作物农场的{food_icon}";"農場中的{food_icon}";"{food_icon}, Ekin çiftliklerinde";"फ़सलों के खेतों में {food_icon}";"{food_icon} in Ladang pertanian"
"RealmStats.rs_governor_local_authority_in_realm_and_neighbors.name";"stability in this and neighboring provinces";"stabilité dans cette province et les provinces voisines";"Stabilität in dieser und benachbarten Provinzen";"estabilidad en esta provincia y provincias vecinas";"ład w tej i sąsiednich prowincjach";"стабильность в этой и соседних провинциях";"해당 지역 및 이웃 지역 안정도";"この州および隣接する州の安定性";"该省与邻省的稳定度";"此行省與鄰近行省的穩定度";"bu bölgede ve komşu bölgelerde istikrar";"इस और पड़ोसी प्रांतों में स्थिरता";"stabilitas di provinsi ini dan provinsi tetangga"
"RealmStats.rs_governor_town_guards.name";"{guard_icon} in governed Province";"{guard_icon} dans la ville";"{guard_icon} in der Stadt";"{guard_icon} en la ciudad";"{guard_icon} w stolicy";"{guard_icon} в городе";"{guard_icon} - 도심";"州都内の{guard_icon}";"城镇的{guard_icon}";"{guard_icon}在城鎮中";"{guard_icon}, Kent Merkezinde";"शहर में {guard_icon}";"{guard_icon} di Kota"
"RealmStats.rs_governor_gold_in_town_per_good.name";"{gold_icon} per produced good in governed Province";"{gold_icon} par marchandise produite dans la ville gouvernée";"{gold_icon} pro produzierter Ware in regierter Stadt";"{gold_icon} por bienes producidos en ciudad gobernada";"{gold_icon} za wytwarzane środki w stolicy z namiestnikiem";"{gold_icon} за каждый производимый товар в управляемом городе";"{gold_icon} - 통치 도심 내 생산 상품 하나당";"統治する州都内で生産される品1つあたりの{gold_icon}";"被治理的城镇中产出的每种商品对应的{gold_icon}";"治理城鎮中每一產出商品的{gold_icon}";"{gold_icon}, yönetilen kent merkezinde üretilen ürün başına";"शासित शहर में {gold_icon} प्रति तैयार प्रोडक्ट";"{gold_icon} per barang diproduksi di kota yang dipimpin"
"RealmStats.rs_governor_stability_realm.name";"Province stability";"Stabilité de la province";"Provinzstabilität";"Estabilidad de provincia";"Ład w prowincji";"Стабильность провинции";"지역 안정도";"州の秩序";"行省稳定度";"行省穩定度";"Bölge istikrarı";"प्रांत की स्थिरता";"Stabilitas provinsi"
"RealmStats.rs_governor_max_food_town.name";"{food_icon} storage in governed Province";"Stockage de {food_icon} dans la ville gouvernée";"{food_icon}-Lager in regierter Stadt";"Almacenamiento de {food_icon} en ciudad gobernada";"{food_icon} składowana w stolicy z namiestnikiem";"Запас {food_icon} в управляемом городе";"{food_icon} 보관 - 통치 도심";"統治する州都内の{food_icon}貯蔵量";"被治理的城镇的{food_icon}储量";"治理城鎮的{food_icon}儲備";"{food_icon}, yönetilen Kent Merkezinde depolama";"शासित शहर में {food_icon} स्टोरेज";"Penyimpanan {food_icon} di Kota yang dipimpin"
"RealmStats.rs_governor_food_in_town_per_good.name";"{food_icon} per produced good in governed Province";"{food_icon} par marchandise produite dans la ville gouvernée";"{food_icon} pro produzierter Ware in regierter Stadt";"{food_icon} por bienes producidos en ciudad gobernada";"{food_icon} za wytwarzany rodzaj środków w stolicy z namiestnikiem";"{food_icon} за каждый производимый товар в управляемом городе";"{food_icon} - 통치 도심 내 생산 상품 하나당";"統治する州都内で生産される品1つあたりの{food_icon}";"被治理的城镇中产出的每种商品对应的{food_icon}";"治理城鎮中每一產出商品的{food_icon}";"{food_icon}, yönetilen Kent Merkezinde üretilen ürün başına";"शासित शहर में {food_icon} प्रति तैयार प्रोडक्ट";"{food_icon} per barang diproduksi di Kota yang dipimpin"
"RealmStats.rs_governor_prod_food_flat.name";"{food_icon} in governed Province";"{food_icon} dans la ville";"{food_icon} in der Stadt";"{food_icon} en la ciudad";"{food_icon} w stolicy";"{food_icon} в городе";"{food_icon} - 도심";"州都内の{food_icon}";"城镇的{food_icon}";"{food_icon}在城鎮中";"{food_icon}, Kent Merkezinde";"शहर में {food_icon}";"{food_icon} di Kota"
"RealmStats.rs_governor_prod_gold_flat.name";"{gold_icon} in governed Province";"{gold_icon} dans la ville";"{gold_icon} in der Stadt";"{gold_icon} en la ciudad";"{gold_icon} w stolicy";"{gold_icon} в городе";"{gold_icon} - 도심";"州都内の{gold_icon}";"城镇的{gold_icon}";"{gold_icon}在城鎮中";"{gold_icon}, Kent Merkezinde";"शहर में {gold_icon}";"{gold_icon} di Kota"
"RealmStats.rs_governor_guards_in_keeps.name";"{guard_icon} per castle in governed Province";"{guard_icon} par château dans la province gouvernée";"{guard_icon} pro Burg in regierter Provinz";"{guard_icon} por castillo en provincia gobernada";"{guard_icon} za każdy zamek w prowincji zarządzanej przez namiestnika";"{guard_icon} за каждый замок в управляемой провинции";"{guard_icon} - 통치 지역 내 성 하나당";"統治する州の城1つあたりの{guard_icon}";"被治理的行省中的每一个城堡的{guard_icon}";"治理行省中每一城堡的{guard_icon}";"{guard_icon}, yönetilen bölgede kale başına";"शासित प्रांत में {guard_icon} प्रति किला";"{guard_icon} per kastel di provinsi yang dipimpin"
"RealmStats.rs_governor_gold_per_village.name";"{gold_icon} in Villages in governed Province";"{gold_icon} dans les villages";"{gold_icon} in Dörfern";"{gold_icon} en pueblos";"{gold_icon} w wioskach";"{gold_icon} в деревнях";"{gold_icon} - 마을";"村の{gold_icon}";"村庄的{gold_icon}";"村莊的{gold_icon}";"{gold_icon}, Köylerde";"गांवों में {gold_icon}";"{gold_icon} di Desa"
"RealmStats.rs_governor_gold_per_good.name";"{gold_icon} per Good produced in governed Province";"{gold_icon} par marchandise produite";"{gold_icon} pro produzierter Ware";"{gold_icon} por bienes producidos";"{gold_icon} za każdy rodzaj prod. środków";"{gold_icon} за производимый товар";"{gold_icon} - 생산 상품 하나당";"生産品1つあたりの{gold_icon}";"生产的每种商品的{gold_icon}";"每一商品產出的{gold_icon}";"{gold_icon}, Üretilen Ürün başına";"{gold_icon} प्रति तैयार प्रोडक्ट";"{gold_icon} per Barang diproduksi"
"RealmStats.rs_governor_books_university_or_madrasah.name";"{books_icon} in governed Province with University/Madrasah";"{books_icon} dans la ville gouvernée avec université/médersa";"{books_icon} in regierter Stadt mit Universität/Medresse";"{books_icon} en la ciudad gobernada con universidad/madrasa";"{books_icon} w zarządzanej stolicy z uniwersytetem/medresą";"{books_icon} в управляемом городе, где есть университет или медресе";"{books_icon} - 대학/마드라사가 있는 통치 도심";"統治する大学/マドラサのある州都の{books_icon}";"拥有大学/伊斯兰学院的被治理的城镇的{books_icon}";"擁有大學/伊斯蘭學校的治理城鎮中的{books_icon}";"{books_icon}, Üniversite/Medrese bulunan, yönetilen kent merkezinde";"युनिवर्सिटी/मदरसे वाले शासित शहर में {books_icon}";"{books_icon} di kota yang dipimpin yang memiliki Universitas/Madrasah"
"RealmStats.rs_governor_books_church_or_masjid.name";"{books_icon} in governed Province with Church/Masjid";"{books_icon} dans la ville gouvernée avec église/mosquée";"{books_icon} in regierter Stadt mit Kirche/Masjid";"{books_icon} en la ciudad gobernada con iglesia/mezquita";"{books_icon} w zarządzanej stolicy z kościołem/meczetem";"{books_icon} в управляемом городе, где есть церковь или мечеть";"{books_icon} - 교회/모스크가 있는 통치 도심";"統治する教会/モスクのある州都の{books_icon}";"拥有教堂/清真寺的被治理的城镇的{books_icon}";"擁有教堂/清真寺的治理城鎮中的{books_icon}";"{books_icon}, Kilise/Mescit bulunan, yönetilen kent merkezinde";"चर्च/मस्जिद वाले शासित शहर में {books_icon}";"{books_icon} di kota yang dipimpin yang memiliki Gereja/Masjid"
"RealmStats.rs_governor_books_cathedral_or_great_mosque.name";"{books_icon} in governed Province with Cathedral/Great Mosque";"{books_icon} dans la ville gouvernée avec cathédrale/grande mosquée";"{books_icon} in regierter Stadt mit Kathedrale/Großer Moschee";"{books_icon} en la ciudad gobernada con catedral/gran mezquita";"{books_icon} w zarządzanej stolicy z katedrą / wielkim meczetem";"{books_icon} в управляемом городе, где есть собор или соборная мечеть";"{books_icon} - 대성당/대모스크가 있는 통치 도심";"統治する大聖堂/グレート・モスクのある州都の{books_icon}";"拥有大教堂/大清真寺的被治理的城镇的{books_icon}";"擁有大教堂/大清真寺的治理城鎮中的{books_icon}";"{books_icon}, Katedral/Ulu Cami bulunan, yönetilen kent merkezinde";"कैथेड्रल/बड़ी मस्जिद वाले शासित शहर में {books_icon}";"{books_icon} di kota yang dipimpin yang memiliki Katedral/Masjid Agung"
"NotGoverningStatus.status_text";"[{preparing:if}{owner} is on his way to govern {target}.|{owner} is currently not governing a Province.{p}{p}Governing will not interrupt or forbid other character actions and greatly boosts the production of a province.]{p}{p}[{preparing:if}|{i}Click to assign as governor{/i}]";"[{preparing:if}{owner:def:cap} se prépare à gouverner {target:def}.|{owner:def:cap} ne gouverne aucune ville à l'heure actuelle.{p}{p}La gouvernance d'une ville n'interrompra pas les actions du personnage ni ne lui interdira d'en entreprendre de nouvelles. Elle augmentera par contre la production de la province.]{p}{p}[{preparing:if}|{i}Cliquez pour affecter en tant que gouverneur{/i}]";"[{preparing:if}{owner} ist unterwegs, um {target:akk} zu regieren.|{owner} regiert derzeit keine Stadt.{p}{p}Das Regieren unterbricht oder verhindert andere Charakteraktionen nicht und erhöht die Produktion einer Provinz deutlich.]{p}{p}[{preparing:if}|{i}Klickt, um ihn als Statthalter zuzuweisen.{/i}]";"[{preparing:if}{owner} está de camino para gobernar {target}.|{owner} no está gobernando actualmente ninguna ciudad.{p}{p}Gobernar no interrumpe o prohíbe la ejecución de acciones del personaje y aumenta significativamente la producción de una provincia.]{p}{p}[{preparing:if}|{i}Hacer clic para asignar como gobernador{/i}]";"[{preparing:if}{owner} przygotowuje się do objęcia władzy namiestniczej w {target:Msc}.|{owner} nie jest obecnie namiestnikiem żadnego miasta.{p}{p}Zarządzanie miastem nie przerwie i nie uniemożliwi innych działań postaci, za to znacznie zwiększy możliwości produkcyjne w prowincji.]{p}{p}[{preparing:if}|{i}Kliknij, aby wyznaczyć namiestnika{/i}]";"[{preparing:if}{owner} готовится принять управление городом {target}.|{owner} в настоящее время не правит никаким городом.{p}{p}Правление не прерывает и не запрещает других действий персонажа, зато существенно повышает производительность провинции.]{p}{p}[{preparing:if}|{i}Щелкните, чтобы назначить наместником{/i}]";"[{preparing:if}{owner}(은)는 나름의 방식으로 {target}(을)를 통치하고 있습니다.|{owner}에게는 통치 중인 도심이 없습니다.{p}{p}통치 시 다른 인물의 행동을 방해하거나 금지하지 않으며 지역의 생산량을 대폭 향상합니다.]{p}{p}[{preparing:if}|{i}클릭하여 총독 임명{/i}]";"[{preparing:if}{owner}は{target}を統治しに向かっています。|{owner}は現在州都を統治していません。{p}{p}統治は他のキャラクターの行動を制限せず、州の生産を大きく向上させます。]{p}{p}[{preparing:if}|{i}領主として任命{/i}]";"[{preparing:if}{owner}正在前往治理{target}的路上。|{owner}目前没有在治理城镇。{p}{p}成为总督并不会打断或阻止相应角色的其他行动，还能够大幅提升一个行省的生产力。]{p}{p}[{preparing:if}|{i}点击来指派为总督{/i}]";"[{preparing:if}{owner}在治理{target}的路上。|{owner}目前未治理城鎮。{p}{p}治理時不會中止或禁止其他角色行動，並且會大幅提升行省產出。]{p}{p}[{preparing:if}|{i}點擊指派為總督{/i}]";"[{preparing:if}{owner}, {target} yönetimi için yola çıktı.|{owner} şu anda bir kent merkezini yönetmiyor.{p}{p}Yönetim, diğer karakter işlemlerini kesintiye uğratmaz veya yasaklamaz ve bir bölgenin üretimini büyük ölçüde artırır.]{p}{p}[{preparing:if}|{i}Vali olarak atamak için tıkla{/i}]";"[{preparing:if}{owner} {target} पर शासन करने की राह पर है.|{owner} अभी शहर पर शासन नहीं कर रहा है.{p}{p}शासन करने से दूसरे कैरेक्टर के ऐक्शन में न तो रुकावट आएगी और न ही उन्हें कोई भी ऐक्शन करने से रोका जाएगा, लेकिन इससे प्रांत के उत्पादन में ज़बरदस्त उछाल आता है.]{p}{p}[{preparing:if}|{i}गवर्नर के रूप में असाइन करने के लिए क्लिक करें{/i}]";"[{preparing:if}{owner} sedang bersiap untuk memerintah {target}.|{owner} sedang tidak memerintah kota mana pun.{p}{p}Memerintah tidak akan mengganggu atau melarang tindakan karakter lain dan akan meningkatkan produksi suatu provinsi secara signifikan.]{p}{p}[{preparing:if}|{i}Klik untuk menunjuk sebagai gubernur{/i}]"
"NotGoverningTooltipHT.caption.text";"[Preparing to govern {castle}|Not governing a Province]";"[Se prépare à gouverner {castle:def}|Ne gouverne pas de ville]";"[Bereitet sich darauf vor, {castle} zu regieren|Regiert keine Stadt]";"[Preparándose para gobernar {castle}|No está gobernando una ciudad]";"[Przygotowuje się do zarządzania {castle:N}|Nie jest namiestnikiem żadnego miasta]";"[Готовится управлять {castle:base_sub_ins}|Не управляет никаким городом]";"[{castle} 통치 준비 중|통치 중인 도심 없음]";"[{castle}の統治を準備している|州都の統治をしていない]";"[准备治理{castle}|未治理城镇]";"[準備治理{castle}|不治理城鎮]";"[{castle} yönetimine hazırlanıyor|Kent merkezi yönetmiyor]";"[{castle} का नियंत्रण लेने की तैयारी कर रहे हैं|किसी शहर को नियंत्रित नहीं कर रहे हैं]";"[Bersiap untuk memerintah {castle}|Tidak sedang memerintah kota]"
"NotGoverningTooltipHT.not_governing_descr.text";"{governor} is currently not governing a Province.{p}{p}Governing will not interrupt or forbid other character actions and greatly boosts the production of a province.";"{governor:def:cap} ne gouverne aucune ville à l'heure actuelle.{p}{p}La gouvernance d'une ville n'interrompra pas les actions du personnage ni ne lui interdira d'en entreprendre de nouvelles. Elle augmentera par contre la production de la province.";"{governor} regiert aktuell keine Stadt.{p}{p}Das Regieren unterbricht keine weiteren Charakteraktionen und erhöht die Produktion einer Provinz deutlich.";"{governor} no está gobernando actualmente ninguna ciudad.{p}{p}Gobernar no interrumpe ni prohíbe la ejecución de acciones del personaje y aumenta significativamente la producción de una provincia.";"{governor} nie jest obecnie namiestnikiem żadnego miasta.{p}{p}Zarządzanie miastem nie przerwie i nie uniemożliwi innych działań postaci, za to znacznie zwiększy możliwości produkcyjne w prowincji.";"{governor} в настоящее время не правит никаким городом.{p}{p}Должность наместника не прерывает и не запрещает других действий персонажа, зато существенно повышает производительность провинции.";"{governor}(이)가 통치 중인 도심이 없습니다.{p}{p}통치를 맡기면 다른 인물의 행동을 간섭하거나 금지하지 않으며, 지역의 생산량이 대폭 향상됩니다.";"{governor}は現在州都を統治していません。{p}{p}統治は他のアクションを制限せず、州の生産を大きく向上させます";"{governor}当前没有治理城镇。{p}{p}治理不会中断或禁止其他角色行动，并且会大幅提高行省的产量。";"{governor}目前沒有在治理城鎮。{p}{p}治理不會中斷或禁止其他的角色行動，反而會大量促進行省的生產。";"{governor} şu anda bir kent merkezini yönetmiyor.{p}{p}Yönetim, diğer karakter işlemlerini kesintiye uğratmaz veya yasaklamaz ve bir bölgenin üretimini büyük ölçüde artırır.";"फ़िलहाल {governor} किसी भी शहर का प्रशासन नहीं संभाल रहे हैं.{p}{p}प्रशासन का काम संभालने से दूसरे कैरेक्टर एक्शन्स में रुकावट नहीं आएगी और ना ही उनकी मनाही होगी और इससे प्रांत के उत्पादन को बहुत बढ़ावा मिलता है.";"{governor} saat ini tidak sedang memerintah kota mana pun.{p}{p}Memerintah tidak akan mengganggu atau melarang tindakan karakter lainnya dan akan meningkatkan produksi suatu provinsi secara signifikan."
"CharacterStats.cs_happiness_boost.name";"Happiness in governed Province";"Bonheur dans la ville gouvernée";"Zufriedenheit in regierter Stadt";"Felicidad en la ciudad gobernada";"Zadowolenie w zarządzanej stolicy";"Довольство населения в управляемом городе";"통치 도심 만족도";"統治する州都の幸福度";"被治理的城镇的幸福度";"受治理城鎮滿意度";"Yönetilen kent merkezindeki mutluluk";"शासित शहर में खुशी";"Tingkat Kebahagiaan di Kota yang dipimpin"
"RealmStats.rs_governor_max_food_town.name";"{food_icon} storage in governed Province";"Stockage de {food_icon} dans la ville gouvernée";"{food_icon}-Lager in regierter Stadt";"Almacenamiento de {food_icon} en ciudad gobernada";"{food_icon} składowana w stolicy z namiestnikiem";"Запас {food_icon} в управляемом городе";"{food_icon} 보관 - 통치 도심";"統治する州都内の{food_icon}貯蔵量";"被治理的城镇的{food_icon}储量";"治理城鎮的{food_icon}儲備";"{food_icon}, yönetilen Kent Merkezinde depolama";"शासित शहर में {food_icon} स्टोरेज";"Penyimpanan {food_icon} di Kota yang dipimpin"
"RealmStats.rs_governor_books_university_or_madrasah.name";"{books_icon} in governed Province with University/Madrasah";"{books_icon} dans la ville gouvernée avec université/médersa";"{books_icon} in regierter Stadt mit Universität/Medresse";"{books_icon} en la ciudad gobernada con universidad/madrasa";"{books_icon} w zarządzanej stolicy z uniwersytetem/medresą";"{books_icon} в управляемом городе, где есть университет или медресе";"{books_icon} - 대학/마드라사가 있는 통치 도심";"統治する大学/マドラサのある州都の{books_icon}";"拥有大学/伊斯兰学院的被治理的城镇的{books_icon}";"擁有大學/伊斯蘭學校的治理城鎮中的{books_icon}";"{books_icon}, Üniversite/Medrese bulunan, yönetilen kent merkezinde";"युनिवर्सिटी/मदरसे वाले शासित शहर में {books_icon}";"{books_icon} di kota yang dipimpin yang memiliki Universitas/Madrasah"
"RealmStats.rs_governor_books_church_or_masjid.name";"{books_icon} in governed Province with Church/Masjid";"{books_icon} dans la ville gouvernée avec église/mosquée";"{books_icon} in regierter Stadt mit Kirche/Masjid";"{books_icon} en la ciudad gobernada con iglesia/mezquita";"{books_icon} w zarządzanej stolicy z kościołem/meczetem";"{books_icon} в управляемом городе, где есть церковь или мечеть";"{books_icon} - 교회/모스크가 있는 통치 도심";"統治する教会/モスクのある州都の{books_icon}";"拥有教堂/清真寺的被治理的城镇的{books_icon}";"擁有教堂/清真寺的治理城鎮中的{books_icon}";"{books_icon}, Kilise/Mescit bulunan, yönetilen kent merkezinde";"चर्च/मस्जिद वाले शासित शहर में {books_icon}";"{books_icon} di kota yang dipimpin yang memiliki Gereja/Masjid"
"RealmStats.rs_governor_books_cathedral_or_great_mosque.name";"{books_icon} in governed Province with Cathedral/Great Mosque";"{books_icon} dans la ville gouvernée avec cathédrale/grande mosquée";"{books_icon} in regierter Stadt mit Kathedrale/Großer Moschee";"{books_icon} en la ciudad gobernada con catedral/gran mezquita";"{books_icon} w zarządzanej stolicy z katedrą / wielkim meczetem";"{books_icon} в управляемом городе, где есть собор или соборная мечеть";"{books_icon} - 대성당/대모스크가 있는 통치 도심";"統治する大聖堂/グレート・モスクのある州都の{books_icon}";"拥有大教堂/大清真寺的被治理的城镇的{books_icon}";"擁有大教堂/大清真寺的治理城鎮中的{books_icon}";"{books_icon}, Katedral/Ulu Cami bulunan, yönetilen kent merkezinde";"कैथेड्रल/बड़ी मस्जिद वाले शासित शहर में {books_icon}";"{books_icon} di kota yang dipimpin yang memiliki Katedral/Masjid Agung"
"RealmStats.rs_governor_books_university_or_madrasah.name";"{books_icon} in governed Province with University/Madrasah";"{books_icon} dans la ville gouvernée avec université/médersa";"{books_icon} in regierter Stadt mit Universität/Medresse";"{books_icon} en la ciudad gobernada con universidad/madrasa";"{books_icon} w zarządzanej stolicy z uniwersytetem/medresą";"{books_icon} в управляемом городе, где есть университет или медресе";"{books_icon} - 대학/마드라사가 있는 통치 도심";"統治する大学/マドラサのある州都の{books_icon}";"拥有大学/伊斯兰学院的被治理的城镇的{books_icon}";"擁有大學/伊斯蘭學校的治理城鎮中的{books_icon}";"{books_icon}, Üniversite/Medrese bulunan, yönetilen kent merkezinde";"युनिवर्सिटी/मदरसे वाले शासित शहर में {books_icon}";"{books_icon} di kota yang dipimpin yang memiliki Universitas/Madrasah"
"RealmStats.rs_governor_books_church_or_masjid.name";"{books_icon} in governed Province with Church/Masjid";"{books_icon} dans la ville gouvernée avec église/mosquée";"{books_icon} in regierter Stadt mit Kirche/Masjid";"{books_icon} en la ciudad gobernada con iglesia/mezquita";"{books_icon} w zarządzanej stolicy z kościołem/meczetem";"{books_icon} в управляемом городе, где есть церковь или мечеть";"{books_icon} - 교회/모스크가 있는 통치 도심";"統治する教会/モスクのある州都の{books_icon}";"拥有教堂/清真寺的被治理的城镇的{books_icon}";"擁有教堂/清真寺的治理城鎮中的{books_icon}";"{books_icon}, Kilise/Mescit bulunan, yönetilen kent merkezinde";"चर्च/मस्जिद वाले शासित शहर में {books_icon}";"{books_icon} di kota yang dipimpin yang memiliki Gereja/Masjid"
"RealmStats.rs_governor_books_cathedral_or_great_mosque.name";"{books_icon} in governed Province with Cathedral/Great Mosque";"{books_icon} dans la ville gouvernée avec cathédrale/grande mosquée";"{books_icon} in regierter Stadt mit Kathedrale/Großer Moschee";"{books_icon} en la ciudad gobernada con catedral/gran mezquita";"{books_icon} w zarządzanej stolicy z katedrą / wielkim meczetem";"{books_icon} в управляемом городе, где есть собор или соборная мечеть";"{books_icon} - 대성당/대모스크가 있는 통치 도심";"統治する大聖堂/グレート・モスクのある州都の{books_icon}";"拥有大教堂/大清真寺的被治理的城镇的{books_icon}";"擁有大教堂/大清真寺的治理城鎮中的{books_icon}";"{books_icon}, Katedral/Ulu Cami bulunan, yönetilen kent merkezinde";"कैथेड्रल/बड़ी मस्जिद वाले शासित शहर में {books_icon}";"{books_icon} di kota yang dipimpin yang memiliki Katedral/Masjid Agung"
"Stats.mod_text";"{value} [{zero_value:if}{clr:gray}]{name}[{stat_def.hide_multiplier:if_not} {clr:gray}(x{multiplier}){/clr}][{mod_def.per_level_value:if}, depends on char. level][ {condition_text}][{zero_value:if}{/clr}]";"{value} [{zero_value:if}{clr:gray}]{name}[{stat_def.hide_multiplier:if_not} {clr:gray}(×{multiplier}){/clr}][{mod_def.per_level_value:if}, dépend du niveau du personnage][ {condition_text}][{zero_value:if}{/clr}]";"{value} [{zero_value:if}{clr:gray}]{name}[{stat_def.hide_multiplier:if_not} {clr:gray}(x{multiplier}){/clr}][{mod_def.per_level_value:if}, abhängig von der Charakterstufe][ {condition_text}][{zero_value:if}{/clr}]";"{value} [{zero_value:if}{clr:gray}]{name}[{stat_def.hide_multiplier:if_not} {clr:gray}(x{multiplier}){/clr}][{mod_def.per_level_value:if} depende del nivel de personaje][ {condition_text}][{zero_value:if}{/clr}]";"{value}: [{zero_value:if}{clr:gray}]{name}[{stat_def.hide_multiplier:if_not} {clr:gray}(x{multiplier}){/clr}][{mod_def.per_level_value:if}, w zależności od poziomu][ {condition_text}][{zero_value:if}{/clr}]";"{value} [{zero_value:if}{clr:gray}]{name}[{stat_def.hide_multiplier:if_not} {clr:gray}(x{multiplier}){/clr}][{mod_def.per_level_value:if}, зависит от уровня персонажа][ {condition_text}][{zero_value:if}{/clr}]";"{value} [{zero_value:if}{clr:gray}]{name}[{stat_def.hide_multiplier:if_not} {clr:gray}(x{multiplier}){/clr}][{mod_def.per_level_value:if}(캐릭터 레벨에 따라)][ {condition_text}][{zero_value:if}{/clr}]";"{value} [{zero_value:if}{clr:gray}]{name}[{stat_def.hide_multiplier:if_not} {clr:gray}(x{multiplier}){/clr}][{mod_def.per_level_value:if}キャラクターレベルによる][ {condition_text}][{zero_value:if}{/clr}]";"{value}[{zero_value:if}{clr:gray}]{name}[{stat_def.hide_multiplier:if_not}{clr:gray}（x{multiplier}）{/clr}][{mod_def.per_level_value:if}，取决于角色等级][{condition_text}][{zero_value:if}{/clr}]";"{value}[{zero_value:if}{clr:gray}]{name}[{stat_def.hide_multiplier:if_not}{clr:gray}（x{multiplier}）{/clr}][{mod_def.per_level_value:if}，取決於角色等級][{condition_text}][{zero_value:if}{/clr}]";"{value} [{zero_value:if}{clr:gray}]{name}[{stat_def.hide_multiplier:if_not} {clr:gray}(x{multiplier}){/clr}][{mod_def.per_level_value:if}, karakter seviyesine göre değişir][ {condition_text}][{zero_value:if}{/clr}]";"{value} [{zero_value:if}{clr:gray}]{name}[{stat_def.hide_multiplier:if_not} {clr:gray}(x{multiplier}){/clr}][{mod_def.per_level_value:if}, कैरेक्टर के लेवल पर निर्भर करता है][{condition_text}][{zero_value:if}{/clr}]";"{value} [{zero_value:if}{clr:gray}]{name}[{stat_def.hide_multiplier:if_not} {clr:gray}(x{multiplier}){/clr}][{mod_def.per_level_value:if}, tergantung level karakter][ {condition_text}][{zero_value:if}{/clr}]"
